Sentiment,tweet
0,aespafess itu cuma preview cover dari web nanti waktu album detail yang asli bakal kelihatan gambarnya foto konsep iya walaupun diblur
0,manifesting semoga foto konsep kwangya ver berwarna indah
0,setelah foto konsep keluar kayaknya
1,kenyang banget hari ini dari mulai birthday sunoo foto konsep ver foto fanmeet bertebaran di timeline sebentar lagi mc hoonie jam kst sunoo vlive 'm very busy yu
-1,minimal drop poster sunoo dulu daripada foto konsep
0,saya kira habis drop foto konsep bakal drop poster tapi kok tidak ada uang akan asu
1,rt koreanindo super junior serba putih di foto konsep terbaru the road keep on going
0,rt jdhnyayjw kalau kalian mau hype ulang tahun sunoo dengan tenang pantengin foto konsep dengan tenang nonton enhypen sama mc sunghoon di mub
1,snngchan kamu pas diajakin berkumpul buat foto konsep bahkan asik ije geunyang classic
0,atbofess mereka akan belum keluarin foto konsep tidak sih jadi kalau login make pfp apa
0,ini pasti sudah ada foto konsep buat poster dreamies concert gasabaarr pasti mereka cakepp cakepp banget
0,perasaan di foto konsep hoodie dia panjang kenapa sekarang jadi ketekan
0,rambut jake kenapa model nya jadi kaya gtu aku lebih suka model rambut jake yang kaya foto konsep gemes
1,wsughoon banyak banget apalagi tiap member ada kaya videonya begitu akan iya belum lagi video satu grup sama foto konsep grup pokonya banyak banget bikin bengek upcharnya tapi bagus lah begitu daripada kekurangan comeback sama update pokonya kita harus main sama tiktokan bareng sih
0,rt jadi idol lain tidak boleh pakai nuansa hitam foto konsep gaboleh vintage variety show gaboleh pakai jas lab sama jangan tiduran
0,mulai dari nanti malam smpe besok gada ht buat foto konsep teaser sama film akan
0,kenapa dia bisa tahu foto konsep enha padahal tidak ngestan ngedit konsep film enha pakai lagu idolnya kalian niat banget sudah ngejauhin enha
0,kak ini teman kamu mengaku kok kalau posenya plek ketiplek cuma karena sudah tengah malam jadi temenmu tidak fokus padahal yang duluan rilis memang foto konsep anak-anak saya wkwkwk kalau begini bagaimana tanggapannya
1,hee_mybambii ver regular engene 'm sure untuk 'll pick me right deffo bakal suka banget sama ver walaupun belum keluar juga foto konsep nya tertawa
0,sunmi rilis foto konsep terbaru untuk heart burn
0,sungjakefess aamiin ayo bisa ayo jam foto konsep unit
0,dua potret yang sebelumnya kuunggah merupakan bagian dari foto konsep yang paling menarik atensiku sedangkan yang ini adalah versi aku tetap menyukainya potret yang diambil ketika aku teramat siap bernyanyi tentang manisnya malam pertengahan musim panas
0,pengumuman sbm enha tampil mubank enha space foto konsep ulang tahun sunoo iya allah semoga besok saya masih waras
1,hypejakesim yang sabar diemin saja tiba besok foto konsep jederr colorful wkwkw
0,jdhnyayjw karena teori kamu gampang dipahamin jdii tiap foto konsep keluar pasti langsung buka akun kamu mantengin update teori
0,apakah foto konsep nya akan seperti mafia ber jas dan oleh di ya dan ya per dan enhypen_members enhypen_members
0,cakep tapi coba menunggu foto konsep deh hshsh
1,enginafess kalau dari moodboardnya paling keren yang me tapi konsepnya so far saya masih suka yang di kita lihat besok pas foto konsep rilis
0,shaberryies bagus tapi menunggu foto konsep siapa tahu lebih waw wkwkwk
0,foto konsep nya enha bakal pakai jas kah
0,untung bukan foto konsep soale tidur sama ponakan jadi tidak bisa gembar gembor
0,eh saya mau bertanya ini foto konsep di itu reguler engene version sama saja akan yah atau engene version itu versi dalam album tiga tiga nya
-1,rt zzoobin warna pink di bagian latar agar nampak serasi dengan semburat warna yang terpancar di pipiku menurutmu apakah aku terlihat
0,rt zzoobin kecantikan dawon benar-benar terpancar pada foto konsep miliknya warna oranye menghiasi wajah dan juga pakaiannya memberikan
0,rt enginafess engene bertahan iya jam an lagi kok kelar ini pilih kooky nya drop dari sekarang kalau tidak bisa dibuka app nyaayo ibu
0,enhypenmart ayo nderr sudah berpengalaman di coba sebelumnya dan pastinya ada go enha only bisa cicilan start pelunasan bebass sampai barang arrived ina oiya bisa pilih versi sampai foto konsep terakhir looh ayo boleh dahulu
0,kecantikan dawon benar-benar terpancar pada foto konsep miliknya warna oranye menghiasi wajah dan juga pakaiannya memberikan sensasi bagai serotonin bagi setiap mata yang melihatnya
-1,warna pink di bagian latar agar nampak serasi dengan semburat warna yang terpancar di pipiku menurutmu apakah aku terlihat manis atau bahkan terlihat anggun pada foto konsep ini
0,foto konsep dalam versi take
0,hari ini foto konsep yesung keluar tolong doain semoga saya tidak menangis
0,rt enginafess engene bertahan iya jam an lagi kok kelar ini pilih kooky nya drop dari sekarang kalau tidak bisa dibuka app nyaayo ibu
0,yuizeyu foto konsep buat comeback
0,engene bertahan iya jam an lagi kok kelar ini pilih kooky nya drop dari sekarang kalau tidak bisa dibuka app nyaayo maksimalin dahulu pilih nya besok malam lusa kita hype ulang tahun sunoo mubank foto konsep dan lain-lain en
0,rt koreanindo sunmi bagikan foto konsep terbaru untuk heart burn
-1,gilaak tanggal bakal sibuk banget ulang tahun sunoo foto konsep bakal dirilis terus siangnya lagu collabnya jika sama charlie puth premier money heist korea sama mubank half year ada enha blom lagi konsep film fix tanggal tidak mau kemana mana pokoknya harus stay di rumah
0,produk indonesia memang dijual sampai korea iya banyak jajanan indonesia si foto konsep kak hee soalnya
0,rt koreanindo wjsn bagikan foto konsep terbaru seola soobin dawon dayoung exy untuk sequence
0,jaemrentalk abissa lihat foto konsep ini saya langsung mengisi form po dan fiks ambil future version nder
-1,aespa bagikan foto konsep untuk single bahasa inggris 'life 's too short
0,hypeask kalian lebih suka foto konsep ver di
-1,kalau mreka live dengan keadaan fandomnya seperti gni awkward banget kalau mreka ngereview foto konsep brrti giliran jay heeseung sunghoon
0,wjsn bagikan foto konsep terbaru seola soobin dawon dayoung exy untuk sequence
-1,hawvto sebentar pas foto konsep girls saya yakin saya akan kembali menjadi aeri dark
0,nanadoongifess lihat pas foto konsep dnyl senyuman jaemin itu maniss bgtt
0,sunmi bagikan foto konsep terbaru untuk heart burn
0,atbo_ground sudah diisi yank coba skrng kirim foto konsep debut
1,rt honeyncurry kalian berdua on cam saja mesra ternyata off cam lebih hot and exclusive for example this foto konsep kelihatan sendiri
1,rt koreanindo super junior serba putih di foto konsep terbaru the road keep on going
0,wintcri eh foto konsep mu lhoo lucuk banget
0,sjyunflowers itu krna katanya di foto konsep yang ada saosnya kali saja dipermasalahin awkoawko
0,sjyunflowers terus katanya yang di foto konsep juga ada saos
0,itu ceubah kak foto konsep enha dibilang plagiat
1,rt honeyncurry kalian berdua on cam saja mesra ternyata off cam lebih hot and exclusive for example this foto konsep kelihatan sendiri
0,rt zddeonu aku mengunggah foto selka sebelum tidur agar engenes dapat tidur dengan nyenyak oh sedikit tmi kalau headphone yang ku menggunakan
0,seolavw kak seolaa bisa saja sudah keluar belum foto konsep kakak
0,aku mengunggah foto selka sebelum tidur agar engenes dapat tidur dengan nyenyak oh sedikit tmi kalau headphone yang ku gunakan dalam foto konsep itu benar-benar milikku kakak
0,tidak bisa bayangin nanti foto konsep gitu yang lucu lucu gemes juga skshsgsnsb
0,night guyss apakah kalian siap dengan foto konsep malam ini
0,kak owen saya sudah melihat seluruh foto konsep yang dirilis kalian terlihat sangat keren tolong sampaikan salamku pada kak riki dia yang paling keren
0,serem banget dahulu pernah buat teori karena foto konsep blue hour terus gbgb ada mata satu yang mengarah kah lucifer juga tapi ini spekulasi kah sekian nyambung
1,sbtcon cawal enha maaf but sekarang tidak tahu sih masih hd apa tidak cuma iya foto konsep with plain bagi think range harga itu tidak worth it
0,meowzsy semoga huhu di foto konsep yang kemarin sama ini kelihatan banget kurusnya
0,rt theminpark masih mabok foto konsepapalagi sama manusia yang satu ini junction concept photo dan oleh di ya dan ya per dan dan ya per dan untuk
0,enhypenyang hai cung foto konsep jungwon cakep benar sudah upchar belum
0,rrikimuura iyaa weh tapi itu karena kemarin di foto konsep heeseung lagi di minimarket jadi tadi sengaja mencari jajanan indonesia lagi
1,bonha udaahh kayak duality begitu deh sama foto konsep sebelumnya aku suka tapi yang ini itu lebih cerah dan fresh begitu
1,rt honeyncurry kalian berdua on cam saja mesra ternyata off cam lebih hot and exclusive for example this foto konsep kelihatan sendiri
1,rt honeyncurry kalian berdua on cam saja mesra ternyata off cam lebih hot and exclusive for example this foto konsep kelihatan sendiri
0,heenamonroll ada kemungkinan bangett di foto konsep semalem saja sudah connected kah serba serbi indonesia
-1,foto konsep untuk project blue black kembali dirilis kali ini foto konsep diambil bersama aku dan wonyo unnie mengenakan pakaian berwarna biru dengan beberapa perhiasan yang tersemat berdiri berdampingan memancarkan aura wanita keren
0,penasaran sama foto konsep chungha
1,rt honeyncurry kalian berdua on cam saja mesra ternyata off cam lebih hot and exclusive for example this foto konsep kelihatan sendiri
-1,kalian berdua on cam saja mesra ternyata off cam lebih hot and exclusive for example this foto konsep kelihatan sendiri padahal mah ditemenin mean setiap orang akan punya set foto kok bisa sempat iya jeje mampir
0,rt theminpark masih mabok foto konsepapalagi sama manusia yang satu ini junction concept photo dan oleh di ya dan ya per dan dan ya per dan untuk
0,mana ada foto konsep kiyowo begini
0,fwbess yukata nya cakep mencari dimana sudah mau buat foto konsep jepangan
0,sumpah rasanya seperti polaroid instax di scan terus di print jadi pc-pola begitu so bagus and niat tidak foto konsep polanya tidak round jadi seperti real pola hasil fotonya juga seperti habis foto di polaroid colornya
1,super junior serba putih di foto konsep terbaru the road keep on going
0,dikasihnya langsung di foto konsep tertawa tapi selca tidak pernah
0,sunmi sambut musim panas di foto konsep untuk heart burn
0,rt koreanindo wjsn bagikan foto konsep terbaru bona luda eunseo yeonjung yeoreum untuk sequence
-1,rt koreanindo wonyoung leeseo ive berpose dalam foto konsep kolaborasi starship tidak pepsi blue black https
0,sumpahh saya mimpi boncengan sama sunghoon anjing dia bawa motorr efek foto konsep semaleem kyknya
0,addictedino mungkin salah teorinya enhypen soalnya muncul melulu di foto konsep yang kemarin
0,konsep film dari jenis di telah diunggah dengan hasil akhir yang sangat baik dengan tema yang senada dengan bagaimana foto konsep diunggah sebelumnya menampilkan ke-tujuh remaja dengan pribadi mereka masing-masing berkumpul bersama disini
0,rt theminpark masih mabok foto konsepapalagi sama manusia yang satu ini junction concept photo dan oleh di ya dan ya per dan dan ya per dan untuk
0,goblooge nyomot dari instagram itu watermarknya kelihatan tinggal cari saja bang foto konsep bagus banget memang
0,rt koreanindo wjsn bagikan foto konsep terbaru bona luda eunseo yeonjung yeoreum untuk sequence
0,wjsn bagikan foto konsep terbaru bona luda eunseo yeonjung yeoreum untuk sequence
-1,wonyoung leeseo ive berpose dalam foto konsep kolaborasi starship tidak pepsi blue black
0,masih mabok foto konsepapalagi sama manusia yang satu ini junction concept photo dan oleh di ya dan ya per dan dan ya per dan untuk dan tidak oleh oleh dan enhypen_members enhypen
0,inimah bukan buat foto konsep buat magazine inimah
0,selamat enaak debut di foto konsep nya enhypen
-1,dulu pas era bdc saya suka down ver gara-gara foto konsep sunoo yang itu tolong sumpah ganteng bgttdlu pernah oleng seolengnya kah sunoo bahkan orang-orang smpe ngirain dia bias ult saya setuju banget sama kata kata sekali nya kamu jatuh kah pesona nya sunoo kamu bakal susah buat keluar bahkan
0,tiap foto konsep keluar kenapa saya ketiduran muluu
0,lah saya baru nyadar hari ini foto konsep njir
1,kalau di album di ada foto konsep iconic jay saya kayanya prefer di deh
0,ksnddeonuu mainnya langsung di foto konsep
0,usn foto konsep enhypen sudah ada yang pakai anjrr kalah gercep
1,baru punya tenaga buat main twitter lagi balik karena ada foto konsep
0,bersama kak sunghoon kami menjadi satu unit dalam foto konsep versi
0,ndthvnt jaya banget makanan indonesia debut melulu di foto konsep enha
0,setelah kakak perempuan botol sosro di foto konsep border carnival hype ver sekarang muncul mie kremes sama malkist di foto konsep manifesto day ver
0,malkist kopyor mie enaak debut di foto konsep enha
1,renjunbase jaman baru debut lihat foto konsep dreams langsung kepincut gigi gingsul injun he just so lovely since day one
-1,ya sudah cukup sekian jangan lupa siapin mental kalian buat foto konsep yang terakhir yang kedua saja sangat amat out of the box jadi ada planning lah yang ketiga bakal sekeren apaa
0,mikir dahulu coba kalau mau pakai foto konsep begini tidak semua orang kuat jay buktinya aku langsung
0,kenapa tidak sekalian nyewa beli indomay saja buat foto konsep
0,luchuuya eh comebacknya hari ini iya kak saya pikir masih lama masih foto konsep begitu
0,kalian gemes sama foto konsep heeseung tidak sih
1,tapi please ini jadi kayak konsep photoshoot jaman nya jerry yan dulu hahahahaha saya inget banget pernah foto konsep seperti begini jugaa dhshshsn
0,prkjngsnggf sudah siap buat foto konsep belum makasihh
0,sudah dbkin sinting dluan sebelum foto konsep rilis
0,tidak tidak kita haruss kuat ini jay memberikan latihan biar nanti pas foto konsep kita tetap baja
0,sebentar lagi foto konsep sksk
0,heejakeily iyaa foto konsep
0,saya lagi mikirin nanti foto konsep tbtb dia begitu
0,akan tidak cocok foto konsep nya begini terus lagunya jedag jedug
0,jaystrologyst oiya hari ini foto konsep yh hari ku baik smoga bsok harinya tetap baik yaa
0,saya harus bagaimana malam ini foto konsep keluar sedangkan saya lagi sedih
1,mau ikutan main sambil menunggu foto konsep keluar
0,stolen sambil menunggu foto konsep kakak perempuan
0,malam ini foto konsep tapi tidak ada semangat hidup
0,coffeessun sudah siapin jantung buat foto konsep belum terima kasih yaa
-1,rt seelfol sunghoon surnghooni maaf yaa aku kelupaan balas menfess kamu tadi siang aku ketiduran terus barusan lagi game di o-a maaf
0,mau menunggu foto konsep tapi kelamaan
-1,sunghoon surnghooni maaf yaa aku kelupaan balas menfess kamu tadi siang aku ketiduran terus barusan lagi game di o-a maafin yaa yaa  soal foto konsep tadi aku suka foto konsep kamu anyway hari ini ada cerita apa kalau aku cont
0,di foto konsep ini kira ada yang ketekan tidak yh
0,lama banget iya foto konsep
0,yak sambil menunggu foto konsep mari ngebacot bareng vi di dm ngmgin orang yang pinter tapi goblo
0,niksundaily foto konsep
0,sebentar foto konsep kluarr tidak sabaarr
0,oiya lupa jam foto konsep
0,jadi foto konsep yang kemarin bu siapsalahh
0,tbltbltbl takut banget sama foto konsep nanti walahh makjreengg fotonya bkin anak orang menggila awas yee
0,manifesting ada jaywon unit di foto konsep ver
0,anjing sebentar foto konsep yaa iya allah
0,cloudyxsc foto konsep sayy
0,cloudyxsc ada foto konsep
0,bimjungwon ini baru jw apdet biasa nanti jam ada foto konsep stronk stress tidak trtolonk
0,bismillah jaywonki nntu foto konsep unit
0,foto konsep
1,waduh foto konsep ini bener bener bikin oleng bagamana foto konsep ujung auto full oleng hihihi dan last sequence n_sequence sequence oleh ke
0,mamam nanti malam ada foto konsep
0,foto konsep malam ini iya demi apapun belum siap
0,ceo_yuehua ini juga kaget banget plss lihat foto konsep kyuhyun
1,teman-teman are you ready buat lihat foto konsep saya sih takut
0,adrapplejfx saya juga belum tapi harus siap karena nanti malam foto konsep lagi
0,blissunoo nah ituu sebentar malam mau foto konsep saja sekarang masih belum siap tertawa
0,nanti malam ada foto konsep junction harus kwat
0,ourbaekgu foto konsep cuy
0,iya allah nanti foto konsep iya niat nya habis sholat isya lngsng tidur
0,semoga nanti malam bisa ngehype foto konsep
0,pyonitnit foto konsep
0,parcsoobin hiks ubin sebentar lagi foto konsep wuju bakal rilis lagi tut
-1,foto konsep untuk project blue black bersama pepsi telah dirilis kedua konsep memberikan getaran yang berbeda jadi mana yang paling menarik perhatianmu
0,kenapa di foto konsep kemarin kamu
0,babyseonyul iyaa kaget ada mv kirain masih ngeluarin foto konsep ngomong-ngomong lagunya keren bangett
0,giselle berasa foto konsep anj kamu mediheal
0,takut banget nanti pas foto konsep riki keluar qrt sama komenya salpak
0,fallinflovers poninya lebih tebel gasi sama pendekan kalau rambut akan sudah dari foto konsep
-1,akan foto konsep saja versi performance kali saja chaehyun center iya ini akan maksud kalian
0,rt purkgowon setelah seluruh member dipublikasikan foto konsepnya kini diberikan tiga foto konsep grup dengan tiga tempat yang berbeda
1,okay enough mau siap buat interview semoga nanti malam bisa hype foto konsep dengan tenang
0,sepotong dari banyaknya cuplikan belakang layar saat pemotretan foto konsep untuk album manifesto kami ah plester di punggung tangan saya jangan khawatir saya betulan baik-baik saja engenes omong-omong bagaimana potongan rambut baru saya hahahah membuat palpitasi iya
0,rt pocketzbase itu rambutnya dibleaching akan buat foto konsep iya bleachingnya dua kali saat itu iya sunwonbot adek memang
0,baeiyyih lupa karena hari ini ada foto konsep saya
0,siapa yang tidak akan tunduk dalam pesona dari seola eonnie dalam foto konsep ini neptunus pun mungkin akan jatuh hati melihatnya
0,giliranku menampilkan foto konsep milikku dengan mengenakan gaun kebiruan dan sedikit corak keunguan ini apa benar aku nampak terlihat seperti peri
0,siapakah wanita paling cantik dalam sejarah cleopatra marilyn monroe ah pasti kamu belum bertemu dengan im dayoung dalam foto konsep kali ini
0,aku tidak yakin dengan ini tapi amphitrite sang dewi laut benar-benar akan iri dengan visual yang di berikan bona eonnie dalam foto konsep kali ini
0,eunseo datang sebagai pembuka jalan foto konsep kali ini sedikit warna biru di beberapa helai rambutnya nampak cantik sekaligus anggun setiap kali melihatnya
0,rt iland_fess landid ej nyanyi lagu ride feat thama untuk evaluasi akhir bulan ini lagu cewek tapi nada tetep tidak diturunkan sama
0,foto konsep dalam versi scene
0,manifesto day foto konsep jungwon rambut yang menyala membuat kontras antara hoodie putih yang tengah di kenakan tidak lupa skateboard tongkat baseball serta mobil yang melengkapi penampilan ku dalam foto konsep di ini
0,ganti leyot nyah kalau semua foto konsep rilis saja sudah
0,beliftlab sudah kebayang bakal serepot apa nanti tanggal semoga bisa bagi-bagi antara hype foto konsep sama bday nya
0,sbtcon imo salah satu foto konsep yang cakep banget tapi underated
0,crosstrip hadahh foto konsep mereka mirip swipe sampai se mobil mobilnya kita saja
0,besok malam jam wib foto konsep keluar
0,lihat foto konsep enha sekarang saya pesimis mereka akan ngeluarin lagu galau
0,rt oting mengambil potret milik sendiri di tempat penangkapan foto konsep doublast ah sudah kah kalian melihat cuplikan
0,rt oting dengan tajuk 'up akan melangsungkan kembalinya mereka pada juni seperti yang telah terjadwalkan rasaka
0,duhh ini baru lihat greeting saja sudah kebayang hyunjun melulu sebentar kalau muncul foto konsep mampus sudah sekalian
0,enhypen_members sumpah jay puas banget kamu iya bikin kita ketar-ketir kamu tidak tahu apa foto konsep kamu kmren bikin heboh di kalangan non fans dan skrng kamu tambah lagi fotonya lelah saya jayy
0,gasabar sama foto konsep aespa nanti bakal sekeren apa lagii standarku masih savage
1,lebih colorful iya jadi tidak sabar menunggu besok malam foto konsep nya dan oleh di ya dan ya per dan dan ya per dan enhypen_members enhypen
1,ini sih kayak colorful begitu iya tapi nanti foto konsep yang keluar dark akan iya sialan
0,nungguin foto konsep dulu sudah
0,tidak sabar besok foto konsep nya
0,lovlockets wkwkwkwk yh smoga brlayar sdikit seperti ada foto konsep berdua plizh
0,engenes bocoran untuk foto konsep versi selanjutnya telah dirilis dengan beberapa mikropon yang ada dalam foto ini kira kira apa yang kalian pikirkan tentang konsep kali ini ayo tebak dan temukan jawabannya besok
0,sudah ngerasa pas kemarin foto konsep itu cakep banget hasil fotonya kameranya bagus begitu ini hasil videonya juga gilaa keren banget suka ajaa gituu liatnyaa
0,kangen banget padahal kalau jam segini bighit sudah up foto konsep bangtan
0,ayukk keluar akan teori kalian setelah lihat foto konsep enha
0,rt ddqeonu papan suasana konsep versi telah dirilis banyak mikrofon yang terpampang jelas dengan warna dan bentuk yang bervariasi dan
0,di foto konsep apakah akan ada member yang pegang mic
0,papan suasana konsep versi telah dirilis banyak mikrofon yang terpampang jelas dengan warna dan bentuk yang bervariasi dan warna merah muda menjadi latarnya tebak apa yang akah terjadi di foto konsep nanti
0,jake juga bilang dia paling suka foto konsep yang versi
0,tidak sabar foto konsep nya
0,rt jualanengene ej yang mau bookslot cuma saja yuu bisa pilih versi nanti setelah semua foto konsep rilis
0,ngantuk lelah sakit kepala tapi aku tahan demi nungguin foto konsep sayang dan dua putraku
0,jayjagung awowkwkwkw tertawa banget kenapa spiderman ini menunggu selca sudah kayak menunggu hujan emas ada foto konsep bareng tidak ya
-1,fisik ingin lihat foto behind sama foto konsep dijadiin photobook sama poca printilan lainnya
0,ngantukk tapi menunggu foto konsep anak-anak keluar baru bobo
0,junhgwon udahh aku sudah lihat foto konsep kalian pingsan hehehe sejauh ini hari aku baik-baik saja kak
0,hypesell ayo enjiina yang blom ikut bisa disini sudah berpengalaman di coba sebelumnya dan pastinya ada gruporder enha only bisa cicilan start pelunasan bebass sampai barang arrived ina oiya bisa pilih versi sampai foto konsep terakhir cont
-1,carebonaaraa minimal foto konsep album dulu deh kalau tidak
0,tinggal menunggu foto konsep rilis semua langsung gas ngueng
0,ej yang mau bookslot cuma saja yuu bisa pilih versi nanti setelah semua foto konsep rilis
0,sekarang kalau foto konsep nya renjun jeno jisung menyusut yaa
-1,oww bareng bongjae dan bongjae sudah black hair lagi berarti sudah selesai buat foto konsep coba kah terus sekalian warnain pink buat dreamcon begitu
0,stracksky wkwkwk iya juga sih kalau pakai foto konsep ntah kenapa pada sepi peminat ternyata tapi soobin payungan cakep sih rasa pacar banget itu pc nya mau dilepas kah kak
0,rt pocketzbase itu rambutnya dibleaching akan buat foto konsep iya bleachingnya dua kali saat itu iya sunwonbot adek memang
0,chxaeryeong aslii keren banget foto world tournya kukirain ini foto konsep buat comeback kalian lho oleh aku suka temanya
0,memang punya beberapa pc nah di album yang kali ini itu saya ngarep banget dapat pc mau siapapun tidak apa-apa karena lucu semuaa akan singkat cerita ini baru banget album nya datang saya sengaja singkirin dahulu printilannya karena gasabar ingin lihat foto konsep nya bagaimana eh plot twist banget
0,itu rambutnya dibleaching akan buat foto konsep iya bleachingnya dua kali saat itu iya sunwonbot adek memang si paling tahu
-1,wjsn membagikan foto konsep untuk comeback mereka akan merilis single album 'sequence pada tanggal juli vdvckpop dan girlgroup exy dayoung dawon soobin seola idolkpop kpop
0,hjunjine hyung sudah lihat foto konsep saya belum
1,txxtwn warungsunsun iyaa thanks iya ternyata foto konsep kemarin konteksnya
1,enhypenmart pakai ems tapi karena first hand diusahakan cepat kayak txt testi bisa cek bio dom jakarta ada go enha only bisa cicilan start pelunasan bisa sampai barang arrived ina oiya bisa pilih versi sampai foto konsep terakhir looh ayo boleh dahulu
0,cherrywpie elah foto konsep saja
0,mereka ketawa ketiwi melihat foto konsep mereka eh engene hampir gila karena lihat foto konsep mereka
0,foto konsep pertamaku aku berada di ruangan bernuansa putih dengan dikelilingi barang barang milik seorang perempuan berwarna merah muda dan menggunakan riasan selayaknya tuan puteri iya aku Princess Im Nayeon
0,engene foto konsep yang pertama telah dirilis aku menggunakan hoodie berlengan putih dengan paduan hitam dan tentunya masih dengan rambut merah menyalaku bagaimana menurut kalian bukankah aku dan member enhypen yang lainnya terlihat sangar dan menawan
0,rt koreanindo enhypen penuh karisma di foto konsep pertama untuk manifesto day
1,semoga foto konsep kedua fresh
0,rt koreanindo minhyuk btob huta tampilkan foto konsep terbaru untuk boom
-1,sellkpopfess jay dom cirebon yang pair ada sunoo foto konsep down vers sama lenti ri-ki down vers
0,iarosorona kece benar foto konsep nya jay
0,yah aku kira sekarang enha ada foto konsep ternyata tidak ada
0,sudah sepantasnya segerombol lelaki menyukai permainan di markas ini aku kak sunghoon jungwon dan ni-ki menikmati setiap waktu dalam foto konsep versi di iea
0,seakan dunia ada di genggamanku tatapan ini tajam dan sengit demi terciptanya barikade tidak teruntuhkan untuk foto konsep MANIFESTO DAY versi di
0,terbongkar rahasia dibalik kotak raksasa maka muncullah tujuh sosok foto konsep di versi di ini adalah bukti ketangguhan para petarung itu
0,ngomong-ngomong masih ada harapan tidak sih foto konsep itzy pakai mahkota
0,aespa enhypen gen grup dengan foto konsep terniat dan ter konsep
0,kard rilis foto konsep untuk mini album reply ke di reply per oleh dan oleh oleh
0,rt koreanindo minhyuk btob huta tampilkan foto konsep terbaru untuk boom
0,houseofhoon kok tidak pakai foto konsep yang oke itu
1,xfaoting musim panas ini bakal memorable soalnya aku bisa lihat foto konsep kakak yang super cantik ini kayak melihat ariel versi manusia
1,enhypen_members jiakh first up foto konsep mah harus sama sayang iya jekk
0,foto konsep album sekalian promosi
0,nchuukim salah satu foto konsep favoritku versi di
-1,rt imyeojinyy imyeojinyy warna pink bukankah ini kelihatan sangat lucu ini
0,sunwghoon kak semalem foto konsep nya keren banget
0,berbeda dengan era sebelumnya yang lebih formal dengan jas hitam kali ini enhypen tampak mirip seperti remaja lainnya dengan pakaian kasual pada foto konsep manifesto day di ver namun tidak mengurangi kharisma ketujuhnya
1,chaeroml ok do n't forget to stream pretty belum lihat tapi kalau foto konsep sudah lihat semua
0,rt koreanindo minhyuk btob huta tampilkan foto konsep terbaru untuk boom
-1,imyeojinyy warna pink bukankah ini kelihatan sangat lucu ini adalah foto konsep ku yang kesekian aku pribadi sangat suka karena baret dan taburan sprinkle di mataku
0,ini outfit foto konsep jangan konsep yang
0,aku sampai sekarang belum lihat foto konsep enha soalnya takut wkwkwjsnzksn tidak
1,sunki_basehome siapa tahu foto konsep berikutnya nder ayo positive thinking sebentar nder
0,rt enjinarea enhype sender habis buat simple lockscreen foto konsep semalem ini ada yang mau ditag nanti sender post agak siangan htt
0,foto konsep mereka kebawa mimpi tolong
1,semalem ketiduran belum lihat foto konsep enhaa sksksk okay leszzgoo
0,nikmati musim panas di foto konsep terbaru untuk from kami memento box
0,ternyata sunoo ngecat jadi nanas bukan gabut tetapi mau foto konsep comeback
1,pufuafan diem anjing gausa mancing lihat foto konsep dahulu ahahahay menunggu ready tidak ya
0,kira kira besok di foto konsep bias saya sp yh
0,sudah pada bisa pilih versi album belum yang di atau atau tim menunggu smeilis semua foto konsep
0,iya tidak salah sie tapi translatenya jadi foto konsep kabupaten
0,menunggu foto konsep saja lah baru po
0,iya allah langsung cenat cenut kepalaku habis lihat foto konsep
0,foto konsep dari 'gleam sendiri menggambarkan kami yang dalam pose santai tumpang tindih dengan anggota yang lain menampilkan ekspresi wajah yang fokus menatap kamera
0,rt ddqeonu lihat mataku maka kamu akan jatuh hati padaku tertawa aku datang kembali dengan foto konsep untuk album mini terbaru kami ht
0,pakaian hitam putih dengan cahaya yang sedikit redup serta dekorasi dekorasi unik menghiasi ruangan itu pemuda selalu memberikan gaya yang terbaik menggunakan menghasilkan foto konsep yang bagus
0,penampilan 'ku yang sedikit 'lancang dengan tatapan dingin dan tajam bak mata elang jadi untuk foto konsep milikku apakah ini sangat keren
0,foto konsep hadir dengan konsep yang berbeda dari sebelumnya tatapan intens serta misterius dengan sorot cahaya terang di malam dingin dalam kotak truk berisikan pemuda
0,foto unit dengan kak sunghoon ni-ki dan ketua kami jungwon di ruangan yang sedikit berantakan serta minim cahaya dengan dekorasi yang unik kami berempat menjadi satu unit untuk foto konsep
0,lihat mataku maka kamu akan jatuh hati padaku tertawa aku datang kembali dengan foto konsep untuk album mini terbaru kami
0,jualanengene aku menunggu foto konsep semuanya rilis dahulu kalau mau bookslot dahulu bisa ini saja
0,ingin setiap sama avatar ini tapi aku yakin foto konsep selanjutnya aku bakal ganti lagi
0,tweet saya ikutan ngelag gara-gara ini foto konsep
0,jualanengene aku amerika serikat menunggu foto konsep semua dahulu buyerku juga bookslot saja pilih versi belakangan
0,foto konsep pertama biasku jay sama jake foto konsep selanjutnya belum tentu
0,rt jualanengene ej yang mau bookslot cuma saja yuu bisa pilih versi nanti setelah semua foto konsep rilis
0,valerienays baru foto konsep yang pertama
1,user chocomintzsn sedang pinksun di karenakan pelaku inisial ksn memposting foto konsep hot pada malam ini
0,ej yang mau bookslot cuma saja yuu bisa pilih versi nanti setelah semua foto konsep rilis
0,meimeimeiraa mangatss menjaga jantung untuk foto konsep yang laen
0,jake kamu cocok banget sama foto konsep inii apalagi warna rambutnya sudah pas banget jadi cakep plus plus pokonya
0,youthypen tidak apa-apa sudah ampe foto konsep selanjutnya sebentar saya ganti lagi
1,teman-teman ingetin pas foto konsep kedua besok aku harus stay cool jungwon stan mental baja
0,almondshakee akhirnya di restuin lewat foto konsep
0,seperti biasa belift kalau memberikan foto konsep langsung banyak abrek dikira saya kuat apa iya
0,rt rikiigf ini foto konsep terkece gilaa style saya banget
0,ini foto konsep terkece gilaa style saya banget
-1,saya ganti pulang pergi kalau semua foto konsep sudah keluar saya mental baja
0,kapan lagi foto konsep kluar
0,allahuakbar ganteng banget tidak punya bias saya ini baru foto konsep di loh district concept photo dan oleh di ya dan ya per dan di dan ya per dan enhypen_members enhypen